Date,Portfolio_Value
2021-02-01,1.0128975274260745
2021-02-02,1.023782556725709
2021-02-03,1.038344609300622
2021-02-04,1.0645225587618299
2021-02-05,1.0697124643608205
2021-02-08,1.0696608820367064
2021-02-09,1.0742358769043927
2021-02-10,1.0689874930018326
2021-02-11,1.0726326047155095
2021-02-12,1.0748172548403772
2021-02-15,1.066130908256902
2021-02-16,1.0689820948102913
2021-02-17,1.0915536990966148
2021-02-18,1.1087622458154798
2021-02-19,1.1164566860546699
2021-02-22,1.1246376606145643
2021-02-23,1.138644061424478
2021-02-24,1.1413788331474564
2021-02-25,1.1528186847487394
2021-02-26,1.1524647500190361
2021-03-01,1.185551875655745
2021-03-02,1.2194873817701644
2021-03-03,1.2372367829184558
2021-03-04,1.2404704344627264
2021-03-05,1.2204558489402448
2021-03-08,1.2167366477092694
2021-03-09,1.2000785198018176
2021-03-10,1.1800623515501008
2021-03-12,1.1508916323333331
2021-03-15,1.1286210642521532
2021-03-16,1.1180135403528881
2021-03-17,1.0905048780044775
2021-03-18,1.058067575342521
2021-03-19,1.044132302413382
2021-03-22,1.0489223379203736
2021-03-23,1.0500579654914477
2021-03-24,1.0397290523869038
2021-03-25,1.0050079907388731
2021-03-26,0.9864278983908376
2021-03-30,0.9625539642310903
2021-03-31,0.9575284026561732
2021-03-31,0.9936233744682541
2021-04-01,1.0223040883860375
2021-04-05,1.0246153254778292
2021-04-06,1.0425347792762203
2021-04-07,1.0407273608538907
2021-04-08,1.0489161766866522
2021-04-09,1.0812665539884374
2021-04-12,1.0283429692790005
2021-04-13,1.0315567578114497
2021-04-15,1.0257598228094718
2021-04-16,1.0270669341430352
2021-04-19,1.0146001400317697
2021-04-20,1.0301094791540106
2021-04-22,1.038427017826271
2021-04-23,1.0405331791990484
2021-04-26,1.0591244422621215
2021-04-27,1.0754996118485036
2021-04-28,1.082786955933395
2021-04-29,1.0766618640361776
2021-04-30,1.0640814024511684
2021-04-30,1.062151362238057
2021-05-03,1.0782513306812302
2021-05-04,1.067033900111286
2021-05-05,1.0784306614533394
2021-05-06,1.0996579213594009
2021-05-07,1.1151121379159121
2021-05-10,1.1094266586527273
2021-05-11,1.1109964872723272
2021-05-12,1.104732327972304
2021-05-14,1.0879717194069265
2021-05-17,1.1040737960670566
2021-05-18,1.1090048119158127
2021-05-19,1.1218939650784645
2021-05-20,1.1173861562999754
2021-05-21,1.12168132325967
2021-05-24,1.1282069216237132
2021-05-25,1.146885172231974
2021-05-26,1.1661036649763823
2021-05-27,1.173735447491794
2021-05-28,1.1626755358253835
2021-05-31,1.1562635881307093
2021-05-31,1.1606730162503762
2021-06-01,1.1538584281073616
2021-06-02,1.1645391531560907
2021-06-03,1.1706175892885582
2021-06-04,1.1791366764433244
2021-06-07,1.1932978692307272
2021-06-08,1.198286974862685
2021-06-09,1.1782145524028909
2021-06-10,1.191143600044125
2021-06-11,1.1866001853700177
2021-06-14,1.1847862958677329
2021-06-15,1.194604435769583
2021-06-16,1.1908691061865835
2021-06-17,1.1769527615296818
2021-06-18,1.1713055153190304
2021-06-21,1.1958608239171895
2021-06-22,1.211781164020577
2021-06-23,1.2096072451873463
2021-06-24,1.2048017839713678
2021-06-25,1.2116733344907031
2021-06-28,1.2054326125776633
2021-06-29,1.2083600215108525
2021-06-30,1.2172388769469
2021-06-30,1.2246318703913106
2021-07-01,1.2355480133630126
2021-07-02,1.2445634705351418
2021-07-05,1.25138822989812
2021-07-06,1.2447016249963962
2021-07-07,1.2394910734147206
2021-07-08,1.2284981574671847
2021-07-09,1.2248943319465584
2021-07-12,1.2269148025829852
2021-07-13,1.2326316749409083
2021-07-14,1.2511486532260763
2021-07-15,1.2667439221773271
2021-07-16,1.264596203486519
2021-07-19,1.2649797623213273
2021-07-20,1.2663934594193555
2021-07-22,1.284222000767306
2021-07-23,1.3004355008742123
2021-07-26,1.300583842724593
2021-07-27,1.3174455447600866
2021-07-28,1.3136257194372511
2021-07-29,1.3139993200992734
2021-07-30,1.3261407648987735
2021-08-02,1.3397021257570723
2021-08-03,1.350893229237337
2021-08-04,1.3380793486220306
2021-08-05,1.3027450411563213
2021-08-06,1.29604789812394
2021-08-09,1.2771548990876702
2021-08-10,1.2342532498100296
2021-08-11,1.2215175200539476
2021-08-12,1.2480567438840975
2021-08-13,1.239449101272507
2021-08-16,1.211895457980462
2021-08-17,1.193649174744791
2021-08-18,1.1728854538843456
2021-08-20,1.1566820116997059
2021-08-23,1.1328524616690085
2021-08-24,1.154844211125513
2021-08-25,1.1683239812405508
2021-08-26,1.170403345932687
2021-08-27,1.1916040988193928
2021-08-30,1.2118438980626898
2021-08-31,1.2113950258025363
2021-08-31,1.2250944864730156
2021-09-01,1.227005259776188
2021-09-02,1.2463214192537508
2021-09-03,1.2412246699336094
2021-09-06,1.2415196613242319
2021-09-07,1.2343418334097755
2021-09-08,1.2464943132687218
2021-09-09,1.2613716025387074
2021-09-13,1.2632315587269847
2021-09-14,1.2734353527364055
2021-09-15,1.2798701101731018
2021-09-16,1.2835069199700881
2021-09-17,1.2696123584291288
2021-09-20,1.2620125031982456
2021-09-21,1.271541125591668
2021-09-22,1.2862769825858398
2021-09-23,1.3041862562114424
2021-09-24,1.3056741801885126
2021-09-27,1.3000752703900968
2021-09-28,1.3050123801266613
2021-09-29,1.3250030980736844
2021-09-30,1.3401282168183295
2021-09-30,1.3685360687154546
2021-10-01,1.3966483077981549
2021-10-04,1.433291228462498
2021-10-05,1.4700492239165772
2021-10-06,1.489459572825168
2021-10-07,1.5160401698977397
2021-10-08,1.5342237337886149
2021-10-11,1.5691158425889988
2021-10-12,1.563132894982596
2021-10-13,1.5554306240853975
2021-10-14,1.5625230549457803
2021-10-18,1.5904695734563228
2021-10-19,1.5526074926220237
2021-10-20,1.524859291249252
2021-10-21,1.5107343392040975
2021-10-22,1.497379797925634
2021-10-25,1.4855281976949968
2021-10-26,1.4915138363318698
2021-10-27,1.5065003014644034
2021-10-28,1.5028001469256522
2021-10-29,1.4954536557127127
2021-11-01,1.5271534604439854
2021-11-02,1.5479159857936522
2021-11-03,1.5673884053138414
2021-11-04,1.595318553405646
2021-11-08,1.6013950549905183
2021-11-09,1.628351912722733
2021-11-10,1.6615038559813906
2021-11-11,1.686766717348865
2021-11-12,1.7074110570172674
2021-11-15,1.7256806837764431
2021-11-16,1.739383789868028
2021-11-17,1.7745211770287763
2021-11-18,1.7729963251276362
2021-11-22,1.7554641528566095
2021-11-23,1.8029102537465758
2021-11-24,1.8513426914581352
2021-11-25,1.9114383164674273
2021-11-26,1.9139591647666407
2021-11-29,1.8679318570822907
2021-11-30,1.8500182219985382
2021-11-30,1.852252927026567
2021-12-01,1.84387801218289
2021-12-02,1.8523973588901086
2021-12-03,1.8746679300084388
2021-12-06,1.898400106450344
2021-12-07,1.9208539341579633
2021-12-08,1.9394846785859428
2021-12-09,1.9734369020705582
2021-12-10,1.986536777675316
2021-12-13,2.016748513241311
2021-12-14,2.0514325629376797
2021-12-15,2.1026290672885155
2021-12-16,2.1161828332097516
2021-12-17,2.094995224441577
2021-12-20,2.038517771399373
2021-12-21,2.03781549315013
2021-12-22,2.063225870010836
2021-12-23,2.087749487180345
2021-12-24,2.080899573064042
2021-12-27,2.082457374506019
2021-12-28,2.1249621915493555
2021-12-29,2.1283029759092162
2021-12-30,2.116701340618362
2021-12-31,2.135530956168519
2021-12-31,2.173568708813988
2022-01-03,2.240996577234294
2022-01-04,2.2556904352832428
2022-01-05,2.269898032671348
2022-01-06,2.3289718432001445
2022-01-07,2.3794944656346595
2022-01-10,2.4277327128918427
2022-01-11,2.4527471238176215
2022-01-12,2.4035953279132776
2022-01-13,2.3710473443825664
2022-01-14,2.3628196885502546
2022-01-17,2.3679966576500644
2022-01-18,2.3356099992187356
2022-01-19,2.2873825587526544
2022-01-20,2.2624546155586582
2022-01-21,2.238238842515116
2022-01-24,2.1366954603042387
2022-01-25,2.0776998854717585
2022-01-27,2.027174654840038
2022-01-28,1.9909844602210045
2022-01-31,1.9624000019479095
2022-01-31,1.9597497294235133
2022-02-01,1.9362080373442148
2022-02-02,1.960115568239899
2022-02-03,1.991153932139092
2022-02-04,2.036192324427728
2022-02-07,2.02326659627273
2022-02-08,1.9966751662501048
2022-02-09,1.9458709235662976
2022-02-10,1.9143196964346467
2022-02-11,1.8555165734690322
2022-02-14,1.8127880113187675
2022-02-15,1.8233585006279018
2022-02-16,1.8075569920149952
2022-02-17,1.7817863812415196
2022-02-18,1.7503102772959718
2022-02-21,1.7094503737471314
2022-02-22,1.644718944290654
2022-02-23,1.6695095149992907
2022-02-24,1.5892484024056417
2022-02-25,1.6132015127356458
2022-02-28,1.6366989232731184
2022-02-28,1.6536161010058583
2022-03-02,1.6472566691202866
2022-03-03,1.6504601589042946
2022-03-04,1.6519630887903092
2022-03-07,1.6231037380392495
2022-03-08,1.6489262493451002
2022-03-09,1.680623140228982
2022-03-10,1.720431575793241
2022-03-11,1.741403046094966
2022-03-14,1.7565538333862178
2022-03-15,1.7549530953524226
2022-03-16,1.7545548336550023
2022-03-17,1.7619724253170275
2022-03-21,1.7752521365796754
2022-03-22,1.7910812042668458
2022-03-23,1.7950084872903642
2022-03-24,1.7971190500243386
2022-03-25,1.8091393643783895
2022-03-28,1.7976540996702206
2022-03-29,1.7729726238420283
2022-03-30,1.8044388317454965
2022-03-31,1.8278827115446536
2022-03-31,1.837903447185817
2022-04-01,1.890476209944847
2022-04-04,1.921060195365057
2022-04-05,1.9422585732197684
2022-04-06,1.9773122625397304
2022-04-07,1.9780399260703636
2022-04-08,1.9930455512893899
2022-04-11,1.976948476560663
2022-04-12,1.9448195333501406
2022-04-13,1.9741669972395979
2022-04-18,1.952565225383855
2022-04-19,1.9648533492688898
2022-04-20,1.9703348320383924
2022-04-21,1.9664223620355665
2022-04-22,1.9346609212027976
2022-04-25,1.872102007482334
2022-04-26,1.8798397674032297
2022-04-27,1.871316626777522
2022-04-28,1.8882978138567272
2022-04-29,1.8773554530557426
2022-05-02,1.8273774167232482
2022-05-04,1.770623252121512
2022-05-05,1.778097505762464
2022-05-06,1.7220826410536108
2022-05-09,1.7122199892293157
2022-05-10,1.6567777467541356
2022-05-11,1.6136939524330347
2022-05-12,1.5654807176378014
2022-05-13,1.5771412684059705
2022-05-16,1.606963809889143
2022-05-17,1.6495135879405838
2022-05-18,1.6753983519785516
2022-05-19,1.6426583108299064
2022-05-20,1.6571032546633961
2022-05-23,1.630403172464738
2022-05-24,1.5948020083770904
2022-05-25,1.5535659965189432
2022-05-26,1.5234990051218233
2022-05-27,1.544604031092393
2022-05-30,1.5771307981449072
2022-05-31,1.5829230514499568
2022-05-31,1.5858127242853315
2022-06-01,1.5877833766895457
2022-06-02,1.6056035860215665
2022-06-03,1.6249061008274068
2022-06-06,1.6440723817037606
2022-06-07,1.6528317671486217
2022-06-08,1.664835601969016
2022-06-09,1.6747229910730255
2022-06-10,1.6587611959082285
2022-06-13,1.599953511527557
2022-06-14,1.5736751310302666
2022-06-15,1.5576789778209452
2022-06-16,1.5104441230916343
2022-06-17,1.4862757035926157
2022-06-20,1.4328353284487776
2022-06-21,1.4255062265913276
2022-06-22,1.4076991801546317
2022-06-23,1.4004213395093237
2022-06-24,1.423363678461766
2022-06-27,1.4289700663326523
2022-06-28,1.4231274104555756
2022-06-29,1.4162496744765833
2022-06-30,1.4074674137822858
2022-06-30,1.418637130688139
2022-07-01,1.4076602979948125
2022-07-04,1.3938817265946626
2022-07-05,1.3825063078849729
2022-07-06,1.3649830430327863
2022-07-07,1.3642454732601477
2022-07-08,1.3619871980480964
2022-07-11,1.357721999562227
2022-07-12,1.343228172462471
2022-07-13,1.3287118024208624
2022-07-14,1.3155640083223126
2022-07-15,1.3161067306667178
2022-07-18,1.3322282757990682
2022-07-19,1.348723517722731
2022-07-20,1.3631687224231428
2022-07-21,1.361837448696897
2022-07-22,1.368769009466181
2022-07-25,1.3770045112541565
2022-07-26,1.3951033656051262
2022-07-27,1.4172910802598695
2022-07-28,1.4329879778289243
2022-07-29,1.4378809841663007
2022-08-01,1.4520711929602483
2022-08-02,1.4577320400317513
2022-08-03,1.4592026438865302
2022-08-04,1.4581401239511824
2022-08-05,1.4744795033412346
2022-08-08,1.494865526302538
2022-08-10,1.5091766884798457
2022-08-11,1.5089627773055436
2022-08-12,1.5202125628965852
2022-08-16,1.525077415695251
2022-08-17,1.542025071156129
2022-08-18,1.554613733596645
2022-08-19,1.5458213020934521
2022-08-22,1.5396024030428916
2022-08-23,1.5566154442242242
2022-08-24,1.5758126142328863
2022-08-25,1.5937606093064696
2022-08-26,1.6156615670783732
2022-08-29,1.5993106278955027
2022-08-30,1.6265862567721643
2022-09-01,1.6183463108263043
2022-09-02,1.6158192435888818
2022-09-05,1.6461531652616281
2022-09-06,1.6561075480729914
2022-09-07,1.6665688510189645
2022-09-08,1.6822288829828802
2022-09-09,1.6904538245499556
2022-09-12,1.7104865434719478
2022-09-13,1.74368000002916
2022-09-14,1.7634355878253019
2022-09-15,1.7683648782028762
2022-09-16,1.7544057312792218
2022-09-19,1.768099880768315
2022-09-20,1.804655945063158
2022-09-21,1.797558241356289
2022-09-22,1.814017390981463
2022-09-23,1.794453029244179
2022-09-26,1.7309681660265632
2022-09-27,1.7075150172580613
2022-09-28,1.6776377123052406
2022-09-29,1.690611277188685
2022-09-30,1.6905385802502737
2022-09-30,1.695231514554491
2022-10-03,1.677984663219267
2022-10-04,1.6997745985998123
2022-10-06,1.6857694485095813
2022-10-07,1.6884422281561886
2022-10-10,1.662294451902343
2022-10-11,1.6457445214033508
2022-10-12,1.6330758492693425
2022-10-13,1.6248994065658717
2022-10-14,1.6456497904749268
2022-10-17,1.6486458292620603
2022-10-18,1.6819491001661029
2022-10-19,1.689397252727402
2022-10-20,1.69209556772093
2022-10-21,1.6886392313056342
2022-10-24,1.7026350615765573
2022-10-25,1.6935219506469645
2022-10-27,1.6925127277400698
2022-10-28,1.6884395300388806
2022-10-31,1.6748445917104882
2022-10-31,1.6776416735864965
2022-11-01,1.6897663361975561
2022-11-02,1.6908248533585015
2022-11-03,1.6954068229063406
2022-11-04,1.7167597683418034
2022-11-07,1.7436708799569363
2022-11-09,1.7664963817196457
2022-11-10,1.7607893916974278
2022-11-11,1.7608738566093367
2022-11-14,1.7243864600543832
2022-11-15,1.7027228783478225
2022-11-16,1.6775714571794933
2022-11-17,1.6824652499520183
2022-11-18,1.6779274678014702
2022-11-21,1.67889610600398
2022-11-22,1.6952744955072496
2022-11-23,1.687832520800604
2022-11-24,1.7052079460559908
2022-11-25,1.7067584689617972
2022-11-28,1.6857364551604406
2022-11-29,1.6658439033400518
2022-11-30,1.6824498505451262
2022-11-30,1.695483267915058
2022-12-01,1.6803087278175122
2022-12-02,1.7012952746196812
2022-12-05,1.6981426134157578
2022-12-06,1.7081421914145676
2022-12-07,1.7034033916050615
2022-12-08,1.706210806379667
2022-12-09,1.7165759631626014
2022-12-12,1.720234328283469
2022-12-13,1.7269382258525312
2022-12-14,1.7174278085769517
2022-12-15,1.689035003824448
2022-12-16,1.6977591100621217
2022-12-19,1.7220462530729481
2022-12-20,1.7354130976142672
2022-12-21,1.6982613885463353
2022-12-22,1.6635700176340638
2022-12-23,1.6053833019007875
2022-12-26,1.6292589978320764
2022-12-27,1.6564679380089606
2022-12-28,1.6676852829433817
2022-12-29,1.6780809375463748
2022-12-30,1.6959581108758024
2023-01-02,1.7308114773593422
2023-01-03,1.7438989486977663
2023-01-04,1.7570704512646393
2023-01-05,1.7549800950287568
2023-01-06,1.7585061196625922
2023-01-09,1.7559005812560127
2023-01-10,1.7408444589548553
2023-01-11,1.751764948040519
2023-01-12,1.7649599608146076
2023-01-13,1.7895192315617816
2023-01-16,1.8051934533344958
2023-01-17,1.8092660854417304
2023-01-18,1.8417746616517803
2023-01-19,1.8745822281244822
2023-01-20,1.8567593768228692
2023-01-23,1.8575129067701288
2023-01-24,1.8676531593765435
2023-01-25,1.86814245518058
2023-01-27,1.8424263435896584
2023-01-30,1.820091445478412
2023-01-31,1.8348902898619108
2023-01-31,1.862828066676492
2023-02-01,1.8748619977363297
2023-02-02,1.8814689130854925
2023-02-03,1.869250617062151
2023-02-06,1.8424472892552834
2023-02-07,1.8254993601535205
2023-02-08,1.8097128895537729
2023-02-09,1.8046043149782678
2023-02-10,1.8257070274979699
2023-02-13,1.8095773199594238
2023-02-14,1.7727396292697957
2023-02-15,1.7580681752728475
2023-02-16,1.7596628628227668
2023-02-17,1.7664537910932063
2023-02-20,1.7704244679403043
2023-02-21,1.7591808740497963
2023-02-22,1.7516134491628705
2023-02-23,1.727160499404241
2023-02-24,1.7198233515960337
2023-02-27,1.7171830951446874
2023-02-28,1.719269016704686
2023-02-28,1.7250844661303488
2023-03-01,1.733843811124581
2023-03-02,1.7360956067727646
2023-03-03,1.7439882342473794
2023-03-06,1.7287687002106236
2023-03-08,1.7194851804036153
2023-03-09,1.704447051533091
2023-03-10,1.6811432929106844
2023-03-13,1.6585752390736874
2023-03-14,1.6433953537883044
2023-03-15,1.641564111168377
2023-03-16,1.6494131960106102
2023-03-17,1.6590503219611938
2023-03-20,1.6473273501330803
2023-03-21,1.648511194673147
2023-03-22,1.6536795416234724
2023-03-23,1.6398718364569607
2023-03-24,1.6405807920530755
2023-03-27,1.6227654929554007
2023-03-28,1.5986099294828982
2023-03-29,1.598935825243068
2023-03-31,1.6038099632785974
2023-03-31,1.5966730074191318
2023-04-03,1.5906760716165098
2023-04-05,1.5947255048895925
2023-04-06,1.6151513086010936
2023-04-10,1.607335588295745
2023-04-11,1.5987149147158075
2023-04-12,1.6158308690922984
2023-04-13,1.6294167389005043
2023-04-17,1.6126800924805058
2023-04-18,1.6006893867291827
2023-04-19,1.5894575208928068
2023-04-20,1.5806107025688962
2023-04-21,1.575745050345501
2023-04-24,1.5653503806406706
2023-04-25,1.560600608751172
2023-04-26,1.5654233737635266
2023-04-27,1.5808273524767775
2023-04-28,1.5917283815906145
2023-05-02,1.6098872377518942
2023-05-03,1.6114109336885256
2023-05-04,1.6301107623235582
2023-05-05,1.645408703460815
2023-05-08,1.6418923699933257
2023-05-09,1.6412548364174093
2023-05-10,1.6468741210759854
2023-05-11,1.6434949413086872
2023-05-12,1.6261203922112368
2023-05-15,1.6184259143464534
2023-05-16,1.6264918106725879
2023-05-17,1.6387832946662575
2023-05-18,1.6570539902594712
2023-05-19,1.657301491896729
2023-05-22,1.654963826849747
2023-05-23,1.6698571256145758
2023-05-24,1.6701600231033509
2023-05-25,1.6795588772038568
2023-05-26,1.6870230015789816
2023-05-29,1.6834246894867109
2023-05-30,1.6711033745581763
2023-05-31,1.6692365726883058
2023-05-31,1.6623450671083895
2023-06-01,1.6569086831498505
2023-06-02,1.6658663421100277
2023-06-05,1.66395126989128
2023-06-06,1.6585952586489445
2023-06-07,1.6563416060294336
2023-06-08,1.634906476950477
2023-06-09,1.6476850099716338
2023-06-12,1.6548582494482948
2023-06-13,1.6558741669650658
2023-06-14,1.6727456545156865
2023-06-15,1.6736901648743554
2023-06-16,1.6777141057711833
2023-06-19,1.6834429999031288
2023-06-20,1.6795429691054378
2023-06-21,1.6706227123862574
2023-06-22,1.6585326677460888
2023-06-23,1.6518737540218702
2023-06-26,1.6605766424677952
2023-06-27,1.6574284810767534
2023-06-28,1.6580256279416465
2023-06-30,1.6554365833830678
2023-06-30,1.664714735631956
2023-07-03,1.671721303146123
2023-07-04,1.6717221633614978
2023-07-05,1.6705311799472624
2023-07-06,1.6628108736084544
2023-07-07,1.673940570165022
2023-07-10,1.6736596012301235
2023-07-11,1.6699563411885148
2023-07-12,1.6719613356279575
2023-07-13,1.670758278347976
2023-07-14,1.6792574565570162
2023-07-17,1.6746620639465775
2023-07-18,1.666445978958848
2023-07-19,1.6755564552713837
2023-07-20,1.6762631022537513
2023-07-21,1.6899287218928623
2023-07-24,1.7009157537058925
2023-07-25,1.7289799191000217
2023-07-26,1.7315128153329715
2023-07-27,1.7363542277827235
2023-07-28,1.7383947929584813
2023-07-31,1.7633601228473186
2023-07-31,1.79437671011533
2023-08-01,1.8173532357844135
2023-08-02,1.7990177974938
2023-08-03,1.804651597755445
2023-08-04,1.7993243013541322
2023-08-07,1.7970562530577563
2023-08-08,1.7826179232931976
2023-08-09,1.7714957448399888
2023-08-10,1.7535222170121745
2023-08-11,1.7379099508772793
2023-08-14,1.733884696100008
2023-08-16,1.7533961412931471
2023-08-17,1.7515310221120068
2023-08-18,1.7564358778778861
2023-08-21,1.768533639294161
2023-08-22,1.7790728807708673
2023-08-23,1.782124918555345
2023-08-24,1.8001385589318402
2023-08-25,1.8028322777888213
2023-08-28,1.8008049312905823
2023-08-29,1.7959789143179439
2023-08-30,1.8122356725838094
2023-08-31,1.8249459523063045
2023-08-31,1.8596161068770283
2023-09-01,1.8802061641629073
2023-09-04,1.9037495169422818
2023-09-05,1.907717689689136
2023-09-06,1.9071885177177776
2023-09-07,1.933808486647683
2023-09-08,1.9636307595261373
2023-09-11,1.9765673505426526
2023-09-12,1.9481526566394818
2023-09-13,1.9558552180235877
2023-09-14,1.9842466513497545
2023-09-15,2.035515912902054
2023-09-18,2.034134734139499
2023-09-20,2.0453389016841195
2023-09-21,2.0429297532577473
2023-09-22,2.0614697886973903
2023-09-25,2.0583358210620313
2023-09-26,2.033442909448767
2023-09-27,2.024673482219212
2023-09-28,2.02957900435279
2023-09-29,2.05881013746682
2023-10-03,2.07471065135659
2023-10-04,2.0601051896287204
2023-10-05,2.1010108037236273
2023-10-06,2.1383466462868292
2023-10-09,2.1175157451952376
2023-10-10,2.144314298430963
2023-10-11,2.1595281631622054
2023-10-12,2.1770849916752173
2023-10-13,2.1950264218601783
2023-10-16,2.2118888477631944
2023-10-17,2.223574668531744
2023-10-18,2.2057092735469217
2023-10-19,2.1727091948064765
2023-10-20,2.189928020866127
2023-10-23,2.145259446001408
2023-10-25,2.1454006464001627
2023-10-26,2.1496766144238357
2023-10-27,2.1858933281084734
2023-10-30,2.2049776696435144
2023-10-31,2.2463192930105578
2023-10-31,2.305878836108737
2023-11-01,2.3108147334545164
2023-11-02,2.3115300824618656
2023-11-03,2.324539231920846
2023-11-06,2.347822334175
2023-11-07,2.3325329741241263
2023-11-08,2.337103638419674
2023-11-09,2.3349933684826945
2023-11-10,2.347532458683826
2023-11-13,2.4098828063386972
2023-11-15,2.4349585571551087
2023-11-16,2.4215647232697157
2023-11-17,2.45837253280467
2023-11-20,2.452802403945553
2023-11-21,2.445896530031163
2023-11-22,2.428557491845202
2023-11-23,2.4500539455781856
2023-11-24,2.446177013023615
2023-11-28,2.4487620225668945
2023-11-29,2.45407180336782
2023-11-30,2.4362577101435083
2023-11-30,2.4369740634249086
2023-12-01,2.448980244748587
2023-12-04,2.4794127987908063
2023-12-05,2.4714160974074386
2023-12-06,2.4652585502381568
2023-12-07,2.4929330071274496
2023-12-08,2.4870857095985643
2023-12-11,2.523733226468086
2023-12-12,2.5113230097518304
2023-12-13,2.4937430397568803
2023-12-14,2.50583138331462
2023-12-15,2.511049233635179
2023-12-18,2.5217090255053454
2023-12-19,2.531323950087772
2023-12-20,2.4906198066263174
2023-12-21,2.502402186509023
2023-12-22,2.543380549064748
2023-12-26,2.5730876055519123
2023-12-27,2.593936818381612
2023-12-28,2.5937488349311804
2023-12-29,2.609048549668708
2024-01-01,2.641952757231043
2024-01-02,2.6443209026896017
2024-01-03,2.6557678526148734
2024-01-04,2.65876209805878
2024-01-05,2.687744277864627
2024-01-08,2.743248013985505
2024-01-09,2.7930774222006494
2024-01-10,2.8218072740101947
2024-01-11,2.841737652718901
2024-01-12,2.8496953601029986
2024-01-15,2.8583557890404636
2024-01-16,2.8797453059125093
2024-01-17,2.859607305986393
2024-01-18,2.8513727225010723
2024-01-19,2.874009946226472
2024-01-23,2.8476810540280058
2024-01-24,2.8744866815683316
2024-01-25,2.9248810473224114
2024-01-29,2.997648173721748
2024-01-30,3.0408343252573586
2024-01-31,3.0767812738071028
2024-01-31,3.112542701957902
2024-02-01,3.1520480438915572
2024-02-02,3.1801613257934056
2024-02-05,3.2168824059958996
2024-02-06,3.2804978624884527
2024-02-07,3.3708139833358906
2024-02-08,3.351873330585634
2024-02-09,3.343124307746009
2024-02-12,3.29763251731487
2024-02-13,3.2751650711642903
2024-02-14,3.3036200126265043
2024-02-15,3.3772064292572668
2024-02-16,3.3771021143615463
2024-02-19,3.419130936016986
2024-02-20,3.4289206906825678
2024-02-21,3.397116384655751
2024-02-22,3.432461127640463
2024-02-23,3.4798244165614514
2024-02-26,3.5022097108602304
2024-02-27,3.517718465104909
2024-02-28,3.484081827636117
2024-02-29,3.508980080524058
2024-02-29,3.5468553046328335
2024-03-01,3.595069940662257
2024-03-04,3.6797735344227784
2024-03-05,3.656008108487285
2024-03-06,3.6099548768508183
2024-03-07,3.660776408433944
2024-03-11,3.622660245841193
2024-03-12,3.5404925996568806
2024-03-13,3.4226293063940294
2024-03-14,3.382917704322097
2024-03-15,3.329299587372506
2024-03-18,3.276953802387958
2024-03-19,3.224896112701312
2024-03-20,3.204547873193531
2024-03-21,3.254638204482419
2024-03-22,3.256663995434464
2024-03-26,3.2334582292316787
2024-03-27,3.2089194712032207
2024-03-28,3.254812449424665
2024-04-01,3.3452440038357607
2024-04-02,3.366755814068159
2024-04-03,3.3752406265179706
2024-04-04,3.4246462593393248
2024-04-05,3.463477783493302
2024-04-08,3.498642344324484
2024-04-09,3.5378060421269075
2024-04-10,3.5314602848451946
2024-04-12,3.525446956376352
2024-04-15,3.465386201546972
2024-04-16,3.5340233414088034
2024-04-18,3.5762240481332404
2024-04-19,3.6031874091687794
2024-04-22,3.6889345187392744
2024-04-23,3.7577260313136542
2024-04-24,3.7757424064809086
2024-04-25,3.803610110502519
2024-04-26,3.808429974494251
2024-04-29,3.857649514367384
2024-04-30,3.871347659725435
2024-04-30,3.8894937725035366
2024-05-02,3.910546243753598
2024-05-03,3.896385887132794
2024-05-06,3.8302014000242526
2024-05-07,3.7992814300985973
2024-05-08,3.802135487521978
2024-05-09,3.7594577316118034
2024-05-10,3.7369231895919603
2024-05-13,3.7275108956901497
2024-05-14,3.796645874773155
2024-05-15,3.8500236745955747
2024-05-16,3.9053601309593033
2024-05-17,3.9403854917720373
2024-05-21,4.019974878965334
2024-05-22,4.0057219459233
2024-05-23,3.976624191508052
2024-05-24,4.000034819752564
2024-05-27,3.95808939953108
2024-05-28,3.878725041358903
2024-05-29,3.885394047267352
2024-05-30,3.798833454801732
2024-05-31,3.738576288678777
2024-05-31,3.698940058019807
2024-06-03,3.691001014757634
2024-06-04,3.593573079469698
2024-06-05,3.560702409206893
2024-06-06,3.6074310315655316
2024-06-07,3.6772387162753715
2024-06-10,3.7174407120928086
2024-06-11,3.8065357683870826
2024-06-12,3.918761374018231
2024-06-13,3.9325985798323937
2024-06-14,3.941104802612392
2024-06-18,3.9644499305034757
2024-06-19,3.9353989366313784
2024-06-20,3.9632542030985833
2024-06-21,3.9873058297629296
2024-06-24,3.9851322054646157
2024-06-25,3.956657078675276
2024-06-26,3.943138843966543
2024-06-27,3.9461661453078802
2024-06-28,3.9816496089566735
2024-07-01,4.02054787578476
2024-07-02,4.040403315052677
2024-07-03,4.071799494024193
2024-07-04,4.101971074972298
2024-07-05,4.128084717245842
2024-07-08,4.1226768329753
2024-07-09,4.102011798376435
2024-07-10,4.049016072444859
2024-07-11,4.0736623140347685
2024-07-12,4.067102424405019
2024-07-15,4.073694027548098
2024-07-16,4.063229170026695
2024-07-18,4.087293945391083
2024-07-19,4.08835493660105
2024-07-22,4.084617334787947
2024-07-23,4.114076340314665
2024-07-24,4.177541489905065
2024-07-25,4.220377051824759
2024-07-26,4.284889376849722
2024-07-29,4.33706801240666
2024-07-30,4.408438047403106
2024-07-31,4.436940125151853
2024-07-31,4.470714150532352
2024-08-01,4.463932463394316
2024-08-02,4.515199898398215
2024-08-05,4.4596572289091965
2024-08-06,4.465146141634309
2024-08-07,4.5153832585785185
2024-08-08,4.5598889972411545
2024-08-09,4.598953125736508
2024-08-12,4.612265495332029
2024-08-13,4.570075185269702
2024-08-14,4.585660775700415
2024-08-16,4.610811967654954
2024-08-19,4.638456147904948
2024-08-20,4.694067490942706
2024-08-21,4.784455199306899
2024-08-22,4.872907063528601
2024-08-23,4.919872391347744
2024-08-26,4.916513830415417
2024-08-27,4.9464953853564975
2024-08-28,4.940503499309298
2024-08-29,4.880542118320012
2024-08-30,4.885782891289788
2024-09-02,4.904231545562686
2024-09-03,4.89126074799731
2024-09-04,4.895671138392959
2024-09-05,4.901660077629202
2024-09-06,4.8730411114832926
2024-09-09,4.872669475969546
2024-09-10,4.863742021297509
2024-09-11,4.875950407004573
2024-09-12,4.8831176273476835
2024-09-13,4.9420709246966394
2024-09-16,4.900367955558112
2024-09-17,4.852389704147761
2024-09-18,4.796919756732703
2024-09-19,4.690483711829933
2024-09-20,4.734472550087945
2024-09-23,4.786456325773998
2024-09-24,4.81614605025215
2024-09-25,4.78913917988733
2024-09-26,4.728333220464033
2024-09-27,4.724663828574932
2024-09-30,4.746199742541638
2024-09-30,4.771250278885897
2024-10-01,4.758128283825703
2024-10-03,4.697525312591723
2024-10-04,4.620840722504837
2024-10-07,4.4605349884255725
2024-10-08,4.4994920440699335
2024-10-09,4.51280159976292
2024-10-10,4.558638098210509
2024-10-11,4.58101479509963
2024-10-14,4.669643348744555
2024-10-15,4.746846435994521
2024-10-16,4.849077835533523
2024-10-17,4.8735800755584515
2024-10-18,4.915887838837306
2024-10-21,4.7243514527998896
2024-10-22,4.592431234813118
2024-10-23,4.580051994974714
2024-10-24,4.529851187028
2024-10-25,4.4211244526484785
2024-10-28,4.45915653627146
2024-10-29,4.4512694975754865
2024-10-30,4.536145856522341
2024-10-31,4.610835112831231
2024-10-31,4.723138849865135
2024-11-01,4.8192220101615115
2024-11-04,4.861459734475546
2024-11-05,4.953943034841907
2024-11-06,5.041570820133887
2024-11-07,5.095829108743484
2024-11-08,5.081665312963378
2024-11-11,5.09018264333523
2024-11-12,5.084612253525667
2024-11-13,4.995647184832151
2024-11-14,4.990457365240224
2024-11-18,5.000308426068913
2024-11-19,5.004179871553068
2024-11-21,4.956263267772288
2024-11-22,4.947693647948492
2024-11-25,4.955165696514894
2024-11-26,4.936573652274972
2024-11-27,4.865832293738532
2024-11-28,4.897008865493669
2024-11-29,4.944126198822509
2024-12-02,5.017423792742429
2024-12-03,5.098693734779349
2024-12-04,5.187872249045599
2024-12-05,5.256200713460108
2024-12-06,5.341784870196459
2024-12-09,5.41174211293388
2024-12-10,5.467983316807669
2024-12-11,5.479255913055779
2024-12-12,5.4481476804154365
2024-12-13,5.429624084386312
2024-12-16,5.4599270968096025
2024-12-17,5.49114679661468
2024-12-18,5.405524112717695
2024-12-19,5.3666647688135685
2024-12-20,5.255790913916681
2024-12-23,5.218945250398862
2024-12-24,5.171925871287396
2024-12-26,5.1753220198146614
2024-12-27,5.135345612711088
2024-12-30,5.022115185450999
2024-12-31,4.9884328402610265
2024-12-31,5.024586100741512
2025-01-01,5.054106225438913
2025-01-02,5.037356548123315
2025-01-03,5.0246431220333685
2025-01-06,4.9390588384094665
2025-01-07,4.9996122755763865
2025-01-08,5.009224578894188
2025-01-09,4.949340791576174
2025-01-10,4.861488537694344
2025-01-13,4.6785276263229
2025-01-14,4.594490577749202
2025-01-15,4.544750396629352
2025-01-16,4.515348036884166
2025-01-17,4.489021086066547
2025-01-20,4.455761563659795
2025-01-21,4.36103596015538
2025-01-22,4.248590420725973
2025-01-23,4.186780115848316
2025-01-24,4.093826526174264
2025-01-27,3.965275461348614
2025-01-28,3.835072523126034
2025-01-29,3.8108228116313323
2025-01-30,3.726795324636269
2025-01-31,3.7053377050590997
2025-01-31,3.740769746468888
2025-02-01,3.773338472886863
2025-02-03,3.762654223833856
2025-02-04,3.7469724325870857
2025-02-05,3.793516420358146
2025-02-06,3.8275813238337566
2025-02-07,3.8205310743000105
2025-02-10,3.805790094770927
2025-02-11,3.713576638512027
2025-02-12,3.7012891054540553
2025-02-13,3.719132592792896
2025-02-14,3.631422488244849
2025-02-17,3.566569564952443
2025-02-18,3.527123629392983
2025-02-19,3.535341639728923
2025-02-20,3.5578816882900646
2025-02-21,3.6046106982450197
2025-02-24,3.53789113285537
2025-02-25,3.5378431367201384
2025-02-27,3.496698017373298
2025-02-28,3.4206862743208712
2025-02-28,3.3743313031574234
2025-03-03,3.3373353329435025
2025-03-04,3.3471094779261668
2025-03-05,3.413271314889086
2025-03-06,3.49026666165292
2025-03-07,3.541160856781487
2025-03-10,3.533723852349006
2025-03-11,3.4897628523756836
2025-03-12,3.5055879539843544
2025-03-13,3.4588605021601544
2025-03-17,3.423391999828365
2025-03-18,3.4151541378237433
2025-03-19,3.489776181681184
2025-03-20,3.501390062308607
2025-03-21,3.516275435662469
2025-03-24,3.5209895622223844
2025-03-25,3.4889066647320157
2025-03-26,3.4386701364199164
2025-03-27,3.4386753164316053
2025-03-28,3.4362811221935163
2025-04-01,3.42697731194818
2025-04-02,3.4390193955800292
2025-04-03,3.4396938178385987
2025-04-04,3.383875790994656
2025-04-07,3.298020005265555
2025-04-08,3.3110820539389607
2025-04-09,3.2740287827855927
2025-04-11,3.3215848968712165
2025-04-15,3.3906788903690863
2025-04-16,3.4083862343422493
2025-04-17,3.424016848887445
2025-04-21,3.4441132259983864
2025-04-22,3.4465030650364565
2025-04-23,3.4261253153229294
2025-04-24,3.451160213799924
2025-04-25,3.4166563753472805
2025-04-28,3.4323873564645013
2025-04-29,3.4108434432884556
2025-04-30,3.3859929408240386
2025-04-30,3.353383042417393
2025-05-02,3.3360239744164812
2025-05-05,3.3386666219863437
2025-05-06,3.2671572078877364
2025-05-07,3.2804611819162264
2025-05-08,3.2738006611636035
2025-05-09,3.232437023726782
2025-05-12,3.3031505762309172
2025-05-13,3.34104043359561
2025-05-14,3.3867721303119853
2025-05-15,3.4054362049168514
2025-05-16,3.4096001345825897
2025-05-19,3.432952907763356
2025-05-20,3.4561390234020095
2025-05-21,3.4361559847093983
2025-05-22,3.432001260603977
2025-05-23,3.4346901794156284
2025-05-26,3.4249110699508325
2025-05-27,3.4383305034313927
2025-05-28,3.4324707690706635
2025-05-29,3.437312406630292
2025-05-30,3.4519209343195114
2025-06-02,3.4529028906447428
2025-06-03,3.4521247884369703
2025-06-04,3.4479377528637656
2025-06-05,3.4727938312824387
2025-06-06,3.493391497828602
2025-06-09,3.551407179065599
2025-06-10,3.562419909815521
2025-06-11,3.570289421079773
2025-06-12,3.5606427797910234
2025-06-13,3.542069217462721
2025-06-16,3.5042167220476492
2025-06-17,3.4856093629919886
2025-06-18,3.473173478324889
2025-06-19,3.4279279157161464
2025-06-20,3.4363976070394857
2025-06-23,3.425488723984787
2025-06-24,3.469277950681878
2025-06-25,3.5205043741687505
2025-06-26,3.5219434683257345
2025-06-27,3.5690934552654023
2025-06-30,3.613097796197374
2025-06-30,3.646800992935735
2025-07-01,3.6704889929584588
2025-07-02,3.681889580844506
2025-07-03,3.6988823826773554
2025-07-04,3.696809491047258
2025-07-07,3.687312603658599
2025-07-08,3.7109114327607005
2025-07-09,3.7482188051467364
2025-07-10,3.7820097312892016
2025-07-11,3.7823987403232375
2025-07-14,3.805172775694949
2025-07-15,3.807215400735681
2025-07-16,3.854864015203285
2025-07-17,3.867031935729151
2025-07-18,3.8750307716094454
2025-07-21,3.8868671700327693
2025-07-22,3.8790600177459993
2025-07-23,3.889827656077765
2025-07-24,3.894000917702811
2025-07-25,3.842639716374672
2025-07-28,3.8200074190330513
2025-07-29,3.847083985038555
2025-07-30,3.8850377933866618
2025-07-31,3.8895010394854967
2025-07-31,3.9290280452829225
2025-08-01,3.9353222898542577
2025-08-04,3.985747244287087
2025-08-05,3.998955312038065
2025-08-06,4.016163442402172
2025-08-07,4.035711873906249
2025-08-08,4.027578412803152
2025-08-11,4.013418454536969
2025-08-12,4.012838095608705
2025-08-13,4.081836160759565
2025-08-14,4.080388733745719
2025-08-18,4.125329105448466
2025-08-19,4.169511468403892
2025-08-20,4.205328547181494
2025-08-21,4.241020523821537
2025-08-22,4.2426944326794285
2025-08-25,4.234346901762243
2025-08-26,4.1876797729646205
2025-08-28,4.179818671702322
2025-08-29,4.176761135729289
2025-09-01,4.147771455902447
2025-09-02,4.183694516333573
2025-09-03,4.229787665428288
2025-09-04,4.2746973810001965
2025-09-05,4.323753498448572
2025-09-08,4.38387032180754
2025-09-09,4.369026425688906
2025-09-10,4.333811299982399
2025-09-11,4.352560058505397
2025-09-12,4.3974068865932106
2025-09-15,4.428227555409131
2025-09-16,4.468483956927568
2025-09-17,4.5286225740623065
2025-09-18,4.502299829271352
2025-09-19,4.560003259751373
2025-09-22,4.613246709169267
2025-09-23,4.623569801767463
2025-09-24,4.653646069887332
2025-09-25,4.704178843079534
2025-09-26,4.664163993533606
2025-09-29,4.703211080520588
2025-09-30,4.768160181884933
2025-09-30,4.839497969960563
2025-10-01,4.903648663768542
2025-10-03,4.928876475500594
2025-10-06,4.920387659616201
2025-10-07,4.9286245217730995
2025-10-08,4.961135705207076
2025-10-09,4.992161401833372
2025-10-10,4.945109237906053
2025-10-13,4.898617783758476
2025-10-14,4.888372118360452
2025-10-15,4.949247499336515
2025-10-16,5.017938989115093
2025-10-17,5.005435215069386
2025-10-20,4.980343032457968
2025-10-21,5.023629725848503
2025-10-23,4.975946966350575
2025-10-24,4.90888044278631
2025-10-27,4.818310641110333
2025-10-28,4.767114392751241
2025-10-29,4.723272692489194
2025-10-30,4.7143566397589645
2025-10-31,4.723201871386981
2025-10-31,4.751182793420304
2025-11-03,4.792293617219511
2025-11-04,4.811565878102723
2025-11-06,4.830780564139707
2025-11-07,4.872470492588657
2025-11-10,4.884221713049446
2025-11-11,4.919720369834901
2025-11-12,5.018163735305096
2025-11-13,5.043916118117189
2025-11-14,5.026058706279426
2025-11-17,5.022204097666666
2025-11-18,5.0327092910087545
2025-11-19,5.021502799065403
2025-11-20,5.03760703825742
2025-11-21,5.016145717131104
2025-11-24,4.977063940613221
2025-11-25,5.007807437466267
2025-11-26,5.064965011531774
2025-11-27,5.107767445857168
2025-11-28,5.145070500537203
2025-12-01,5.161857578053999
2025-12-02,5.153147181262652
2025-12-03,5.1428760623134595
2025-12-04,5.163385064604843
2025-12-05,5.161760563037243
2025-12-08,5.0776263325422635
2025-12-09,5.056624272759694
2025-12-10,5.004306051521258
2025-12-11,4.970016053561711
2025-12-12,4.993474423620589
2025-12-15,5.003855763633379
2025-12-16,4.957645872790329
2025-12-17,4.885862121178329
2025-12-18,4.885240264324109
2025-12-19,4.907700139900307
2025-12-22,5.024743385282909
2025-12-23,5.085638089027551
2025-12-24,5.08916786536524
2025-12-26,5.128534834164812
2025-12-29,5.093643616306863
2025-12-30,5.155624482678648
2025-12-31,5.2006655662269194
2025-12-31,5.258896860453078
2026-01-01,5.233035662646993
2026-01-02,5.156345430018553
2026-01-05,5.0845377652434225
2026-01-06,5.073683479718736
2026-01-07,5.028273724415283
2026-01-08,4.907808268075864
2026-01-09,4.838792885246158
2026-01-12,4.808725783277369
2026-01-13,4.85098943325206
2026-01-14,4.884292802388264
2026-01-15,4.884292802388264
2026-01-16,4.86971286489287
2026-01-19,4.832441015893922
2026-01-20,4.7512057937679195
2026-01-21,4.628198640670924
2026-01-22,4.704325263971851
2026-01-23,4.644030587437708
2026-01-26,4.644030587437708
2026-01-27,4.644030587437708
2026-01-28,4.653469783998376
2026-01-29,4.656454405804845
2026-01-30,4.687976760248411
2026-02-02,4.613845261245375
2026-02-03,4.645987334049424
2026-02-04,4.696357476855595
2026-02-05,4.671506909978467
2026-02-06,4.630579031993804
2026-02-09,4.699445850521472
2026-02-10,4.714901998299297
2026-02-11,4.7832060609800315
2026-02-12,4.811060414926418
2026-02-13,4.758476212749944
2026-02-16,4.749601544141858
2026-02-17,4.803088785161945
2026-02-18,4.881982571268384
2026-02-19,4.870637490737248
2026-02-20,4.876853248706329
2026-02-23,4.870137609025012
2026-02-24,4.88327916952977
2026-02-25,4.808770991864159
2026-02-26,4.756743036515611
2026-02-27,4.678076117775434
2026-03-02,4.570771646131308
2026-03-04,4.4890518006807
2026-03-05,4.522937614614175
2026-03-06,4.534159232259458
2026-03-09,4.532506459179645
2026-03-10,4.586360643422545
2026-03-11,4.602437152387609
2026-03-12,4.562807189572698
2026-03-13,4.492909271464677
2026-03-16,4.486898789266497
2026-03-17,4.492702886070858
2026-03-18,4.5564581822289165
2026-03-19,4.473061267515733
2026-03-20,4.466508588049054
2026-03-23,4.356803603837966
2026-03-24,4.413229250450608
2026-03-25,4.476021440100719
2026-03-26,4.476021440100719
2026-03-27,4.476021440100719
2026-03-30,4.389564562795761
2026-03-31,4.389564562795761
2026-04-30,4.428616645299405
2026-05-01,4.428616645299405
2026-05-04,4.447798120194823
2026-05-05,4.440027050773881
2026-05-06,4.456888839469046
2026-05-07,4.526596262545315
2026-05-08,4.512326359856716
2026-05-11,4.553132551766797
2026-05-12,4.513613985352766
2026-05-13,4.527929576633149
2026-05-14,4.572052725448527
2026-05-15,4.512612903950434
2026-05-18,4.429628482180369
2026-05-19,4.384820242086788
2026-05-20,4.467456903871254
2026-05-21,4.502277304260898
2026-05-22,4.5210323185826855
2026-05-25,4.540243338179708
2026-05-26,4.557659859840186
2026-05-27,4.665570224811236
2026-05-28,4.665570224811236
2026-05-29,4.660999438652612
2026-06-01,4.612224649151731
2026-06-02,4.663729979912374
