TIMESTAMP,PIPELINE_VERSION,SUCCESS,RUNTIME_SEC,MODULES_COMPLETED,GIT_SHA,MODULES_TOTAL
2026-06-02 07:24:46.124246,2.0,True,996.98,16,d0081988faa7bf73f7ff4680cb4615be06e38b94,16
2026-06-02 10:14:43.385863,2.0,False,324.71,2,c532b8b31c09fbca0ec5f030f496d13aba3c678c,18
2026-06-02 11:59:02.479239,2.0,False,569.04,3,5ff2282b208c16d7b3962740a31c2d23169fd718,18
2026-06-02 18:24:41.918004,2.0,False,133.31,8,e8b7b6184d5e4670395bde6f21c7f2a99dc56ab5,16
2026-06-02 19:28:39.268003,2.0,False,217.38,7,LOCAL,23
2026-06-02 19:37:43.070835,2.0,False,87.25,8,LOCAL,23
2026-06-02 19:50:24.025979,2.0,False,87.43,8,LOCAL,23
2026-06-02 19:56:10.680795,2.0,False,90.61,11,LOCAL,23
2026-06-02 20:03:14.825730,2.0,False,95.99,15,LOCAL,23
2026-06-02 20:06:38.912853,2.0,False,95.44,15,LOCAL,23
2026-06-02 20:12:10.345958,2.0,True,100.56,23,LOCAL,23
2026-06-02 20:20:07.431209,2.0,True,102.77,23,LOCAL,23
2026-06-02 20:27:40.585691,2.0,True,174.41,23,06928d0da4c285d9ce85c9aa9f43b91874f59fcd,23
2026-06-03 19:14:12.628674,2.0,False,242.02,5,315a2dc0cb6a09ad336eee4368bf1f39ec1fb704,24
2026-06-03 22:15:15.072686,2.0,False,231.77,5,3d68847bfb7b2803647f6bc4871afad764adda5a,24
2026-06-04 02:09:44.054712,2.0,False,230.91,5,e69e2fcebd2b76b85315001ebe01e73521bf25d6,24
2026-06-04 07:10:35.743045,2.0,True,420.93,28,LOCAL,28
2026-06-04 07:10:39.965935,2.0,True,516.43,28,LOCAL,28
2026-06-04 07:10:53.795254,2.0,True,339.48,28,LOCAL,28
2026-06-04 07:11:02.142386,2.0,True,369.13,28,LOCAL,28
2026-06-04 07:16:47.411158,2.0,True,180.65,28,4832fad85fc0d1020dfbf4f72ca51c42b70dabe8,28
2026-06-04 08:12:04.606691,2.0,True,179.45,28,LOCAL,28
